{
  "IcoMoonType": "selection",
  "icons": [
    {
      "icon": {
        "paths": [
          "M750.933 204.8h-614.4v546.133h682.667v-546.133h-68.267zM750.933 682.667h-546.133v-409.6h546.133v409.6z"
        ],
        "attrs": [
          {
            "fill": "rgb(255, 255, 255)"
          }
        ],
        "isMulticolor": false,
        "isMulticolor2": false,
        "grid": 0,
        "tags": [
          "d"
        ]
      },
      "attrs": [
        {
          "fill": "rgb(255, 255, 255)"
        }
      ],
      "properties": {
        "order": 161,
        "id": 73,
        "name": "d",
        "prevSize": 32,
        "code": 59663
      },
      "setIdx": 3,
      "setId": 2,
      "iconIdx": 0
    },
    {
      "icon": {
        "paths": [
          "M0 955.733h750.933v-614.4h-750.933v614.4zM68.267 409.6h614.4v477.867h-614.4v-477.867zM887.467 136.533h-682.667v136.533h68.267v-68.267h614.4v477.867h-68.267v68.267h136.533v-614.4h-68.267z"
        ],
        "attrs": [
          {
            "fill": "rgb(255, 255, 255)"
          }
        ],
        "isMulticolor": false,
        "isMulticolor2": false,
        "grid": 0,
        "tags": [
          "sf"
        ]
      },
      "attrs": [
        {
          "fill": "rgb(255, 255, 255)"
        }
      ],
      "properties": {
        "order": 162,
        "id": 74,
        "name": "sf",
        "prevSize": 32,
        "code": 59664
      },
      "setIdx": 3,
      "setId": 2,
      "iconIdx": 1
    },
    {
      "icon": {
        "paths": [
          "M204.8 477.867h614.4v68.267h-614.4v-68.267z"
        ],
        "attrs": [
          {
            "fill": "rgb(255, 255, 255)"
          }
        ],
        "isMulticolor": false,
        "isMulticolor2": false,
        "grid": 0,
        "tags": [
          "x"
        ]
      },
      "attrs": [
        {
          "fill": "rgb(255, 255, 255)"
        }
      ],
      "properties": {
        "order": 163,
        "id": 75,
        "name": "x",
        "prevSize": 32,
        "code": 59665
      },
      "setIdx": 3,
      "setId": 2,
      "iconIdx": 2
    },
    {
      "icon": {
        "paths": [
          "M19.388 908.425h749.431v-613.171h-749.431v613.171zM218.658 465.306h382.157v254.089h-382.157v-254.089z",
          "M285.901 89.498h-58.846v138.581h58.846v-69.291h625.732v480.802h-63.010v63.010h125.952v-613.103z"
        ],
        "attrs": [
          {
            "fill": "rgb(255, 255, 255)"
          },
          {
            "fill": "rgb(255, 255, 255)"
          }
        ],
        "isMulticolor": false,
        "isMulticolor2": false,
        "grid": 0,
        "tags": [
          "suofang002"
        ]
      },
      "attrs": [
        {
          "fill": "rgb(255, 255, 255)"
        },
        {
          "fill": "rgb(255, 255, 255)"
        }
      ],
      "properties": {
        "order": 164,
        "id": 70,
        "name": "suofang002",
        "prevSize": 32,
        "code": 59648
      },
      "setIdx": 3,
      "setId": 2,
      "iconIdx": 3
    },
    {
      "icon": {
        "paths": [
          "M0 102.4v819.2h1024v-819.2h-1024zM819.2 716.8h-614.4v-409.6h614.4v409.6z"
        ],
        "attrs": [
          {
            "fill": "rgb(255, 255, 255)"
          }
        ],
        "isMulticolor": false,
        "isMulticolor2": false,
        "grid": 0,
        "tags": [
          "da"
        ]
      },
      "attrs": [
        {
          "fill": "rgb(255, 255, 255)"
        }
      ],
      "properties": {
        "order": 165,
        "id": 71,
        "name": "da",
        "prevSize": 32,
        "code": 59649
      },
      "setIdx": 3,
      "setId": 2,
      "iconIdx": 4
    },
    {
      "icon": {
        "paths": [
          "M102.4 409.6h921.6v204.8h-921.6v-204.8z"
        ],
        "attrs": [
          {
            "fill": "rgb(255, 255, 255)"
          }
        ],
        "isMulticolor": false,
        "isMulticolor2": false,
        "grid": 0,
        "tags": [
          "xiao"
        ]
      },
      "attrs": [
        {
          "fill": "rgb(255, 255, 255)"
        }
      ],
      "properties": {
        "order": 166,
        "id": 72,
        "name": "xiao",
        "prevSize": 32,
        "code": 59650
      },
      "setIdx": 3,
      "setId": 2,
      "iconIdx": 5
    },
    {
      "icon": {
        "paths": [
          "M316 355.333l196 196 196-196 60 60-256 256-256-256z"
        ],
        "isMulticolor": false,
        "isMulticolor2": false,
        "tags": [
          "keyboard_arrow_down"
        ],
        "defaultCode": 58131,
        "grid": 0,
        "attrs": []
      },
      "attrs": [],
      "properties": {
        "id": 1,
        "order": 168,
        "ligatures": "",
        "prevSize": 32,
        "code": 58131,
        "name": "keyboard_arrow_down"
      },
      "setIdx": 3,
      "setId": 2,
      "iconIdx": 7
    },
    {
      "icon": {
        "paths": [
          "M366 719.333l196-196-196-196 60-60 256 256-256 256z"
        ],
        "isMulticolor": false,
        "isMulticolor2": false,
        "tags": [
          "keyboard_arrow_right"
        ],
        "defaultCode": 58133,
        "grid": 0,
        "attrs": []
      },
      "attrs": [],
      "properties": {
        "id": 2,
        "order": 169,
        "ligatures": "",
        "prevSize": 32,
        "code": 58133,
        "name": "keyboard_arrow_right"
      },
      "setIdx": 3,
      "setId": 2,
      "iconIdx": 8
    },
    {
      "icon": {
        "paths": [
          "M768 235.333h170v170h-170v-170zM768 831.333v-170h170v170h-170zM554 831.333v-170h172v170h-172zM342 831.333v-170h170v170h-170zM128 831.333v-170h170v170h-170zM768 619.333v-172h170v172h-170zM554 235.333h172v170h-172v-170zM342 405.333v-170h170v170h-170zM554 619.333v-172h172v172h-172zM342 619.333v-172h170v172h-170zM128 619.333v-172h170v172h-170zM128 405.333v-170h170v170h-170z"
        ],
        "isMulticolor": false,
        "isMulticolor2": false,
        "tags": [
          "view_comfy"
        ],
        "defaultCode": 58410,
        "grid": 0,
        "attrs": []
      },
      "attrs": [],
      "properties": {
        "id": 3,
        "order": 170,
        "ligatures": "",
        "prevSize": 32,
        "code": 58410,
        "name": "view_comfy"
      },
      "setIdx": 3,
      "setId": 2,
      "iconIdx": 9
    },
    {
      "icon": {
        "paths": [
          "M658.285 234.774l-23.756-23.718-281.985 281.891-263.11-263.129-23.718 23.718 263.11 263.157-263.11 263.129 23.718 23.756 263.11-263.176 272.618 272.543 23.69-23.69-272.571-272.543z"
        ],
        "width": 724,
        "isMulticolor": false,
        "isMulticolor2": false,
        "tags": [
          "close"
        ],
        "defaultCode": 59648,
        "grid": 0,
        "attrs": []
      },
      "attrs": [],
      "properties": {
        "id": 4,
        "order": 171,
        "ligatures": "",
        "prevSize": 32,
        "code": 59651,
        "name": "close"
      },
      "setIdx": 3,
      "setId": 2,
      "iconIdx": 10
    },
    {
      "icon": {
        "paths": [
          "M192.214 253.014v2.986c6.826 187.734 41.814 355.626 57.814 372.032 37.12 49.494 152.106 131.008 216.96 171.968 16 10.24 29.654 12.16 45.014 12.586 15.36-0.426 28.992-2.986 44.992-12.586 66.154-39.040 182.634-122.454 219.542-171.968 16.21-16.406 48.638-184.298 55.464-372.032l0.214-2.986c0-17.28-11.094-32.214-26.454-37.76-80.426-27.948-198.186-35.414-293.546-35.414-95.574 0-213.334 7.466-293.546 35.414-15.382 5.546-26.454 20.48-26.454 37.76zM0 129.92l0.214 4.694c10.88 300.372 59.072 564.48 85.12 590.72 59.734 79.382 250.666 202.666 353.92 270.080 24.534 16 48 27.968 72.746 28.586 24.746-0.618 48.214-12.586 72.746-28.586 103.254-67.414 294.188-190.7 353.92-270.080 26.026-26.24 74.24-290.346 85.12-590.72l0.214-4.694c0-27.734-17.92-51.84-42.666-60.586-129.494-44.8-315.308-69.334-469.334-69.334-154.048 0-339.862 24.534-469.334 69.334-24.746 8.746-42.666 32.852-42.666 60.586zM103.466 199.68c0-22.186 14.294-41.174 33.92-48.214 102.4-35.412 252.8-44.8 374.614-44.8s272.214 9.386 374.634 44.8c19.626 7.040 33.92 26.026 33.92 48.214l-0.234 3.626c-8.746 237.868-49.92 453.76-70.614 474.668-47.382 62.72-198.422 163.392-280.106 216.726-19.414 12.606-37.974 22.206-57.6 22.634-19.626-0.426-38.186-10.026-57.6-22.634-81.706-53.334-232.746-154.006-280.106-216.726-20.694-20.908-61.868-236.8-70.636-474.668l-0.192-3.626z"
        ],
        "isMulticolor": false,
        "isMulticolor2": false,
        "tags": [
          "shield2"
        ],
        "defaultCode": 59649,
        "grid": 0,
        "attrs": []
      },
      "attrs": [],
      "properties": {
        "id": 5,
        "order": 172,
        "ligatures": "",
        "prevSize": 32,
        "code": 59652,
        "name": "shield2"
      },
      "setIdx": 3,
      "setId": 2,
      "iconIdx": 11
    },
    {
      "icon": {
        "paths": [
          "M0 512c0 282.88 229.12 512 512 512s512-229.12 512-512-229.12-512-512-512-512 229.12-512 512zM106.666 512c0-32.854 3.84-64.854 11.306-95.36l95.362 95.36-21.334 128 85.334 85.334v117.12c-103.254-73.388-170.668-194.112-170.668-330.454zM418.774 117.546c29.866-7.252 61.012-10.88 93.226-10.88 35.626 0 70.186 4.694 103.040 13.226l-17.706 29.442 21.334 21.334h64l17.706-17.706c14.912 7.894 28.992 16.426 42.666 26.026l-39.040 13.012-42.666 42.666 42.666 21.334v21.334h-42.666v42.666c0 0 29.44 21.334 64 21.334 33.92 0 18.774-46.72 42.666-64 24.106-17.28 53.334-13.44 53.334-13.44l13.866 3.626c26.026 34.346 46.698 72.746 60.8 114.346v2.134c0 0-30.080-21.334-85.334-21.334s-106.666 21.334-106.666 21.334-60.16 17.494-64 64c-6.634 80 21.334 106.666 21.334 106.666l106.666 64v207.574c-69.76 56.96-158.934 91.094-256 91.094-45.866 0-89.814-7.466-130.986-21.546l109.652-255.788-21.334-106.666c0 0-84.694-106.666-128-106.666s-64 64-64 64l-42.666-85.334 128-85.334 64-170.666-7.892-31.788z"
        ],
        "isMulticolor": false,
        "isMulticolor2": false,
        "tags": [
          "earth"
        ],
        "defaultCode": 59650,
        "grid": 0,
        "attrs": []
      },
      "attrs": [],
      "properties": {
        "id": 6,
        "order": 173,
        "ligatures": "",
        "prevSize": 32,
        "code": 59653,
        "name": "earth"
      },
      "setIdx": 3,
      "setId": 2,
      "iconIdx": 12
    },
    {
      "icon": {
        "paths": [
          "M632.576 298.624c46.080 10.666 82.752 49.92 93.418 92.8 3.648 20.054 21.12 35.2 42.048 35.2 23.466 0 42.666-19.2 42.666-42.666 0-30.72-25.814-77.44-61.014-112.426-34.56-34.134-75.734-58.24-109.654-58.24-23.466 0-42.666 19.84-42.666 43.306 0.002 20.884 15.148 38.4 35.202 42.026zM46.122 857.984c-33.066 33.046-33.066 86.826 0 119.872 33.066 33.088 86.826 33.088 119.68 0l245.098-244.906c57.194 35.67 124.586 56.342 197.12 56.342 206.294 0 373.334-167.040 373.334-373.334s-167.040-373.334-373.334-373.334-373.334 167.040-373.334 373.334c0 72.32 20.714 139.946 56.342 197.12l-244.906 244.906zM341.376 415.958c0-147.2 119.488-266.666 266.666-266.666 147.2 0 266.666 119.466 266.666 266.666s-119.466 266.666-266.666 266.666c-147.178-0.022-266.666-119.488-266.666-266.666z"
        ],
        "isMulticolor": false,
        "isMulticolor2": false,
        "tags": [
          "search"
        ],
        "defaultCode": 59651,
        "grid": 0,
        "attrs": []
      },
      "attrs": [],
      "properties": {
        "id": 7,
        "order": 174,
        "ligatures": "",
        "prevSize": 32,
        "code": 59654,
        "name": "search"
      },
      "setIdx": 3,
      "setId": 2,
      "iconIdx": 13
    },
    {
      "icon": {
        "paths": [
          "M1024 672c0 123.712-100.288 224-224 224h-576v-0.8c-125.056-8.256-224-112.064-224-239.2 0-79.136 38.464-149.088 97.536-192.8-0.48-5.088-1.536-10.016-1.536-15.2 0-88.384 71.648-160 160-160 30.752 0 59.232 9.12 83.616 24.16 41.696-107.68 146.016-184.16 268.384-184.16 159.072 0 288 128.928 288 288 0 17.632-1.824 34.752-4.864 51.488 78.24 34.944 132.864 113.28 132.864 204.512z"
        ],
        "isMulticolor": false,
        "isMulticolor2": false,
        "tags": [
          "cloud"
        ],
        "defaultCode": 59652,
        "grid": 0,
        "attrs": []
      },
      "attrs": [],
      "properties": {
        "id": 8,
        "order": 175,
        "ligatures": "",
        "prevSize": 32,
        "code": 59655,
        "name": "cloud"
      },
      "setIdx": 3,
      "setId": 2,
      "iconIdx": 14
    },
    {
      "icon": {
        "paths": [
          "M965.536 241.344l-10.048 10.048-183.232-183.328 10.016-10.016c0 0 43.872-58.016 106.272-58.016 27.488 0 58.624 11.296 91.168 43.84 107.328 107.328-14.176 197.472-14.176 197.472zM895.328 311.584l-623.968 624.192-271.36 88.224 88.192-271.52v-0.096h0.064l623.872-624.16 8.064 8.096M88.32 935.648l135.584-39.008-92.608-98.624-42.976 137.632z"
        ],
        "isMulticolor": false,
        "isMulticolor2": false,
        "tags": [
          "pencil"
        ],
        "defaultCode": 59653,
        "grid": 0,
        "attrs": []
      },
      "attrs": [],
      "properties": {
        "id": 9,
        "order": 176,
        "ligatures": "",
        "prevSize": 32,
        "code": 59656,
        "name": "pencil"
      },
      "setIdx": 3,
      "setId": 2,
      "iconIdx": 15
    },
    {
      "icon": {
        "paths": [
          "M960 512c0 247.424-200.576 448-448 448s-448-200.576-448-448c0-109.056 39.232-208.736 104-286.4 4.928-9.088 11.776-16.992 20.32-22.72 1.44-1.504 2.72-3.2 4.192-4.672 0.032 0.736 0.352 1.44 0.416 2.176 9.248-5.184 19.744-8.384 31.072-8.384 35.328 0 64 28.672 64 64 0 22.272-11.36 41.856-28.64 53.312 1.12 0.832 1.92 1.856 3.072 2.688-44 54.784-70.432 124.256-70.432 200 0 176.736 143.264 320 320 320s320-143.264 320-320c0-75.744-26.432-145.216-70.432-200 1.152-0.832 1.984-1.856 3.072-2.688-17.28-11.456-28.64-31.040-28.64-53.312 0-35.328 28.672-64 64-64 11.328 0 21.824 3.2 31.072 8.384 0.064-0.736 0.384-1.44 0.448-2.176 1.44 1.472 2.72 3.168 4.192 4.672 8.544 5.728 15.36 13.632 20.32 22.72 64.704 77.664 103.968 177.344 103.968 286.4zM544 576h-64c-17.696 0-32-14.304-32-32v-448c0-17.664 14.304-32 32-32h64c17.696 0 32 14.336 32 32v448c0 17.696-14.304 32-32 32z"
        ],
        "isMulticolor": false,
        "isMulticolor2": false,
        "tags": [
          "switch"
        ],
        "defaultCode": 59654,
        "grid": 0,
        "attrs": []
      },
      "attrs": [],
      "properties": {
        "id": 10,
        "order": 177,
        "ligatures": "",
        "prevSize": 32,
        "code": 59657,
        "name": "switch"
      },
      "setIdx": 3,
      "setId": 2,
      "iconIdx": 16
    },
    {
      "icon": {
        "paths": [
          "M448 640h-96v-1.952c-10.56 1.088-21.152 1.952-32 1.952-176.704 0-320-143.264-320-320s143.296-320 320-320 320 143.264 320 320v128h32v32h32v32h32v32h32v32h32v32h32v32h32v32h32v32h32v32h32v32h32v32h32v192c0 17.696-14.304 32-32 32h-128c-17.696 0-32-14.304-32-32v-128h-160c-17.664 0-32-14.304-32-32v-128h-160M256 128c-70.688 0-128 57.312-128 128s57.312 128 128 128 128-57.312 128-128-57.312-128-128-128z"
        ],
        "isMulticolor": false,
        "isMulticolor2": false,
        "tags": [
          "key2"
        ],
        "defaultCode": 59655,
        "grid": 0,
        "attrs": []
      },
      "attrs": [],
      "properties": {
        "id": 11,
        "order": 178,
        "ligatures": "",
        "prevSize": 32,
        "code": 59658,
        "name": "key2"
      },
      "setIdx": 3,
      "setId": 2,
      "iconIdx": 17
    },
    {
      "icon": {
        "paths": [
          "M864 1024h-704c-17.696 0-32-14.304-32-32v-672h288c17.696 0 32-14.336 32-32v-288h416c17.696 0 32 14.336 32 32v960c0 17.696-14.304 32-32 32zM384 0v256h-256l256-256z"
        ],
        "isMulticolor": false,
        "isMulticolor2": false,
        "tags": [
          "file"
        ],
        "defaultCode": 59656,
        "grid": 0,
        "attrs": []
      },
      "attrs": [],
      "properties": {
        "id": 12,
        "order": 179,
        "ligatures": "",
        "prevSize": 32,
        "code": 59659,
        "name": "file"
      },
      "setIdx": 3,
      "setId": 2,
      "iconIdx": 18
    },
    {
      "icon": {
        "paths": [
          "M1014.88 926.496c12.192 12.192 12.192 31.968 0 44.192l-44.192 44.192c-12.224 12.192-32 12.192-44.192 0l-309.376-309.376c-3.36-3.36-5.6-7.328-7.104-11.552-63.456 46.368-141.376 74.048-226.016 74.048-212.064 0-384-171.936-384-384s171.936-384 384-384c212.064 0 384 171.936 384 384 0 84.64-27.68 162.56-74.048 226.016 4.224 1.504 8.192 3.712 11.552 7.104l309.376 309.376zM384 128c-141.376 0-256 114.624-256 256s114.624 256 256 256 256-114.624 256-256c0-141.376-114.624-256-256-256z"
        ],
        "isMulticolor": false,
        "isMulticolor2": false,
        "tags": [
          "search2"
        ],
        "defaultCode": 59657,
        "grid": 0,
        "attrs": []
      },
      "attrs": [],
      "properties": {
        "id": 13,
        "order": 180,
        "ligatures": "",
        "prevSize": 32,
        "code": 59660,
        "name": "search2"
      },
      "setIdx": 3,
      "setId": 2,
      "iconIdx": 19
    },
    {
      "icon": {
        "paths": [
          "M192 448h640v128h-640v-128zM192 832h640v-128h-640v128zM192 192v128h640v-128h-640z"
        ],
        "isMulticolor": false,
        "isMulticolor2": false,
        "tags": [
          "stack"
        ],
        "defaultCode": 59658,
        "grid": 0,
        "attrs": []
      },
      "attrs": [],
      "properties": {
        "id": 14,
        "order": 181,
        "ligatures": "",
        "prevSize": 32,
        "code": 59661,
        "name": "stack3"
      },
      "setIdx": 3,
      "setId": 2,
      "iconIdx": 20
    },
    {
      "icon": {
        "paths": [
          "M864 0c88.364 0 160 71.634 160 160 0 36.020-11.91 69.258-32 96l-64 64-224-224 64-64c26.742-20.090 59.978-32 96-32zM64 736l-64 288 288-64 592-592-224-224-592 592zM715.578 363.578l-448 448-55.156-55.156 448-448 55.156 55.156z"
        ],
        "isMulticolor": false,
        "isMulticolor2": false,
        "tags": [
          "pencil2"
        ],
        "defaultCode": 59659,
        "grid": 0,
        "attrs": []
      },
      "attrs": [],
      "properties": {
        "id": 15,
        "order": 182,
        "ligatures": "",
        "prevSize": 32,
        "code": 59662,
        "name": "pencil2"
      },
      "setIdx": 3,
      "setId": 2,
      "iconIdx": 21
    },
    {
      "icon": {
        "paths": [
          "M512 0c-282.752 0-512 229.248-512 512s229.248 512 512 512 512-229.248 512-512-229.248-512-512-512zM768 576h-192v192h-128v-192h-192v-128h192v-192h128v192h192v128z"
        ],
        "isMulticolor": false,
        "isMulticolor2": false,
        "tags": [
          "plus-alt"
        ],
        "defaultCode": 59681,
        "grid": 0,
        "attrs": []
      },
      "attrs": [],
      "properties": {
        "id": 16,
        "order": 183,
        "ligatures": "",
        "prevSize": 32,
        "code": 59681,
        "name": "plus-alt"
      },
      "setIdx": 3,
      "setId": 2,
      "iconIdx": 22
    },
    {
      "icon": {
        "paths": [
          "M512 0c-282.752 0-512 229.248-512 512s229.248 512 512 512 512-229.248 512-512-229.248-512-512-512zM768 576h-512v-128h512v128z"
        ],
        "isMulticolor": false,
        "isMulticolor2": false,
        "tags": [
          "minus-alt"
        ],
        "defaultCode": 59683,
        "grid": 0,
        "attrs": []
      },
      "attrs": [],
      "properties": {
        "id": 17,
        "order": 184,
        "ligatures": "",
        "prevSize": 32,
        "code": 59683,
        "name": "minus-alt"
      },
      "setIdx": 3,
      "setId": 2,
      "iconIdx": 23
    },
    {
      "icon": {
        "paths": [
          "M448 128l128 128h448v704h-1024v-832z"
        ],
        "isMulticolor": false,
        "isMulticolor2": false,
        "tags": [
          "folder"
        ],
        "defaultCode": 59695,
        "grid": 0,
        "attrs": []
      },
      "attrs": [],
      "properties": {
        "id": 18,
        "order": 185,
        "ligatures": "",
        "prevSize": 32,
        "code": 59695,
        "name": "folder"
      },
      "setIdx": 3,
      "setId": 2,
      "iconIdx": 24
    },
    {
      "icon": {
        "paths": [
          "M832 960l192-512h-832l-192 512zM128 384l-128 576v-832h288l128 128h416v128z"
        ],
        "isMulticolor": false,
        "isMulticolor2": false,
        "tags": [
          "folder-open"
        ],
        "defaultCode": 59696,
        "grid": 0,
        "attrs": []
      },
      "attrs": [],
      "properties": {
        "id": 19,
        "order": 186,
        "ligatures": "",
        "prevSize": 32,
        "code": 59696,
        "name": "folder-open"
      },
      "setIdx": 3,
      "setId": 2,
      "iconIdx": 25
    },
    {
      "icon": {
        "paths": [
          "M448.128 0c-176.32 0-319.936 143.488-319.936 320v64h-128.192v448c0 105.76 86.24 192 191.936 192h384.064c106.016 0 192-86.24 192-192v-512c0-176.512-143.488-320-319.872-320zM256.192 320c0-105.984 86.176-192 191.936-192 105.888 0 191.872 86.016 191.872 192v64h-383.808v-64zM576 896h-384.064c-35.264 0-64-28.736-64-64v-320h512.064v320c0 35.264-28.512 64-64 64zM448 704c0 35.264-28.736 64-64 64-35.488 0-64-28.736-64-64 0-35.488 28.512-64 64-64 35.264 0 64 28.512 64 64z"
        ],
        "width": 768,
        "isMulticolor": false,
        "isMulticolor2": false,
        "tags": [
          "lock-stroke"
        ],
        "defaultCode": 59796,
        "grid": 0,
        "attrs": []
      },
      "attrs": [],
      "properties": {
        "id": 22,
        "order": 187,
        "ligatures": "",
        "prevSize": 32,
        "code": 59796,
        "name": "lock-stroke"
      },
      "setIdx": 3,
      "setId": 2,
      "iconIdx": 26
    },
    {
      "icon": {
        "paths": [
          "M448 0c-176.256 0-319.872 143.488-319.872 320v64h-128.128v448c0 105.888 86.112 192 192 192h384c105.888 0 192-86.112 192-192v-512c0-176.512-143.616-320-320-320zM383.872 768c-35.232 0-63.872-28.64-63.872-64s28.64-64 63.872-64c35.36 0 64 28.64 64 64s-28.608 64-64 64zM640 384h-383.872v-64c0-105.888 86.112-192 191.872-192 105.888 0 192 86.112 192 192v64z"
        ],
        "width": 768,
        "isMulticolor": false,
        "isMulticolor2": false,
        "tags": [
          "lock-fill"
        ],
        "defaultCode": 59797,
        "grid": 0,
        "attrs": []
      },
      "attrs": [],
      "properties": {
        "id": 23,
        "order": 188,
        "ligatures": "",
        "prevSize": 32,
        "code": 59797,
        "name": "lock-fill"
      },
      "setIdx": 3,
      "setId": 2,
      "iconIdx": 27
    },
    {
      "icon": {
        "paths": [
          "M448.128 0c-176.448 0-319.936 143.616-319.936 320h128c0-105.76 86.048-192 191.936-192s191.872 86.24 191.872 192v64h-640v448c0 105.984 86.112 192 191.936 192h384.064c105.888 0 192-86.016 192-192v-512c0-176.384-143.488-320-319.872-320zM576 896h-384.064c-35.264 0-64-28.64-64-64v-320h512.064v320c0 35.36-28.736 64-64 64zM448 704c0 35.488-28.64 64-64 64s-64-28.512-64-64c0-35.264 28.64-64 64-64s64 28.736 64 64z"
        ],
        "width": 768,
        "isMulticolor": false,
        "isMulticolor2": false,
        "tags": [
          "unlock-stroke"
        ],
        "defaultCode": 59798,
        "grid": 0,
        "attrs": []
      },
      "attrs": [],
      "properties": {
        "id": 24,
        "order": 189,
        "ligatures": "",
        "prevSize": 32,
        "code": 59798,
        "name": "unlock-stroke"
      },
      "setIdx": 3,
      "setId": 2,
      "iconIdx": 28
    },
    {
      "icon": {
        "paths": [
          "M128 320v640c0 35.2 28.8 64 64 64h576c35.2 0 64-28.8 64-64v-640h-704zM320 896h-64v-448h64v448zM448 896h-64v-448h64v448zM576 896h-64v-448h64v448zM704 896h-64v-448h64v448zM848 128h-208v-80c0-26.4-21.6-48-48-48h-224c-26.4 0-48 21.6-48 48v80h-208c-26.4 0-48 21.6-48 48v80h832v-80c0-26.4-21.6-48-48-48zM576 128h-192v-63.198h192v63.198z"
        ],
        "isMulticolor": false,
        "isMulticolor2": false,
        "tags": [
          "bin"
        ],
        "defaultCode": 59820,
        "grid": 0,
        "attrs": []
      },
      "attrs": [],
      "properties": {
        "id": 25,
        "order": 190,
        "ligatures": "",
        "prevSize": 32,
        "code": 59820,
        "name": "bin"
      },
      "setIdx": 3,
      "setId": 2,
      "iconIdx": 29
    },
    {
      "icon": {
        "paths": [
          "M1024 608l-192-192v-288h-128v160l-192-192-512 512v32h128v320h320v-192h128v192h320v-320h128z"
        ],
        "isMulticolor": false,
        "isMulticolor2": false,
        "tags": [
          "home3"
        ],
        "defaultCode": 59822,
        "grid": 0,
        "attrs": []
      },
      "attrs": [],
      "properties": {
        "id": 26,
        "order": 191,
        "ligatures": "",
        "prevSize": 32,
        "code": 59822,
        "name": "home3"
      },
      "setIdx": 3,
      "setId": 2,
      "iconIdx": 30
    },
    {
      "icon": {
        "paths": [
          "M976 768h-16v-208c0-61.756-50.242-112-112-112h-272v-128h16c26.4 0 48-21.6 48-48v-160c0-26.4-21.6-48-48-48h-160c-26.4 0-48 21.6-48 48v160c0 26.4 21.6 48 48 48h16v128h-272c-61.756 0-112 50.244-112 112v208h-16c-26.4 0-48 21.6-48 48v160c0 26.4 21.6 48 48 48h160c26.4 0 48-21.6 48-48v-160c0-26.4-21.6-48-48-48h-16v-192h256v192h-16c-26.4 0-48 21.6-48 48v160c0 26.4 21.6 48 48 48h160c26.4 0 48-21.6 48-48v-160c0-26.4-21.6-48-48-48h-16v-192h256v192h-16c-26.4 0-48 21.6-48 48v160c0 26.4 21.6 48 48 48h160c26.4 0 48-21.6 48-48v-160c0-26.4-21.6-48-48-48zM192 960h-128v-128h128v128zM576 960h-128v-128h128v128zM448 256v-128h128v128h-128zM960 960h-128v-128h128v128z"
        ],
        "isMulticolor": false,
        "isMulticolor2": false,
        "tags": [
          "tree"
        ],
        "defaultCode": 59836,
        "grid": 0,
        "attrs": []
      },
      "attrs": [],
      "properties": {
        "id": 27,
        "order": 192,
        "prevSize": 32,
        "code": 59836,
        "name": "tree"
      },
      "setIdx": 3,
      "setId": 2,
      "iconIdx": 31
    },
    {
      "icon": {
        "paths": [
          "M512 192c-223.318 0-416.882 130.042-512 320 95.118 189.958 288.682 320 512 320 223.312 0 416.876-130.042 512-320-95.116-189.958-288.688-320-512-320zM764.45 361.704c60.162 38.374 111.142 89.774 149.434 150.296-38.292 60.522-89.274 111.922-149.436 150.296-75.594 48.218-162.89 73.704-252.448 73.704-89.56 0-176.858-25.486-252.452-73.704-60.158-38.372-111.138-89.772-149.432-150.296 38.292-60.524 89.274-111.924 149.434-150.296 3.918-2.5 7.876-4.922 11.86-7.3-9.96 27.328-15.41 56.822-15.41 87.596 0 141.382 114.616 256 256 256 141.382 0 256-114.618 256-256 0-30.774-5.452-60.268-15.408-87.598 3.978 2.378 7.938 4.802 11.858 7.302v0zM512 416c0 53.020-42.98 96-96 96s-96-42.98-96-96 42.98-96 96-96 96 42.982 96 96z"
        ],
        "isMulticolor": false,
        "isMulticolor2": false,
        "tags": [
          "eye"
        ],
        "defaultCode": 59854,
        "grid": 0,
        "attrs": []
      },
      "attrs": [],
      "properties": {
        "id": 28,
        "order": 193,
        "ligatures": "",
        "prevSize": 32,
        "code": 59854,
        "name": "eye"
      },
      "setIdx": 3,
      "setId": 2,
      "iconIdx": 32
    },
    {
      "icon": {
        "paths": [
          "M512 92.774l429.102 855.226h-858.206l429.104-855.226zM512 0c-22.070 0-44.14 14.882-60.884 44.648l-437.074 871.112c-33.486 59.532-5 108.24 63.304 108.24h869.308c68.3 0 96.792-48.708 63.3-108.24h0.002l-437.074-871.112c-16.742-29.766-38.812-44.648-60.882-44.648v0zM576 832c0 35.346-28.654 64-64 64s-64-28.654-64-64c0-35.346 28.654-64 64-64s64 28.654 64 64zM512 704c-35.346 0-64-28.654-64-64v-192c0-35.346 28.654-64 64-64s64 28.654 64 64v192c0 35.346-28.654 64-64 64z"
        ],
        "isMulticolor": false,
        "isMulticolor2": false,
        "tags": [
          "warning"
        ],
        "defaultCode": 59911,
        "grid": 0,
        "attrs": []
      },
      "attrs": [],
      "properties": {
        "id": 29,
        "order": 194,
        "ligatures": "",
        "prevSize": 32,
        "code": 59911,
        "name": "warning"
      },
      "setIdx": 3,
      "setId": 2,
      "iconIdx": 33
    },
    {
      "icon": {
        "paths": [
          "M512 96c-111.118 0-215.584 43.272-294.156 121.844s-121.844 183.038-121.844 294.156c0 111.118 43.272 215.584 121.844 294.156s183.038 121.844 294.156 121.844c111.118 0 215.584-43.272 294.156-121.844s121.844-183.038 121.844-294.156c0-111.118-43.272-215.584-121.844-294.156s-183.038-121.844-294.156-121.844zM512 0v0c282.77 0 512 229.23 512 512s-229.23 512-512 512c-282.77 0-512-229.23-512-512s229.23-512 512-512zM448 704h128v128h-128zM448 192h128v384h-128z"
        ],
        "isMulticolor": false,
        "isMulticolor2": false,
        "tags": [
          "notification"
        ],
        "defaultCode": 59912,
        "grid": 0,
        "attrs": []
      },
      "attrs": [],
      "properties": {
        "id": 30,
        "order": 195,
        "ligatures": "",
        "prevSize": 32,
        "code": 59912,
        "name": "notification"
      },
      "setIdx": 3,
      "setId": 2,
      "iconIdx": 34
    },
    {
      "icon": {
        "paths": [
          "M512 0c-282.77 0-512 229.23-512 512s229.23 512 512 512 512-229.23 512-512-229.23-512-512-512zM512 928c-229.75 0-416-186.25-416-416s186.25-416 416-416 416 186.25 416 416-186.25 416-416 416zM672 256l-160 160-160-160-96 96 160 160-160 160 96 96 160-160 160 160 96-96-160-160 160-160z"
        ],
        "isMulticolor": false,
        "isMulticolor2": false,
        "tags": [
          "cancel-circle"
        ],
        "defaultCode": 59917,
        "grid": 0,
        "attrs": []
      },
      "attrs": [],
      "properties": {
        "id": 31,
        "order": 196,
        "ligatures": "",
        "prevSize": 32,
        "code": 59917,
        "name": "cancel-circle"
      },
      "setIdx": 3,
      "setId": 2,
      "iconIdx": 35
    },
    {
      "icon": {
        "paths": [
          "M874.040 149.96c-96.706-96.702-225.28-149.96-362.040-149.96s-265.334 53.258-362.040 149.96c-96.702 96.706-149.96 225.28-149.96 362.040s53.258 265.334 149.96 362.040c96.706 96.702 225.28 149.96 362.040 149.96s265.334-53.258 362.040-149.96c96.702-96.706 149.96-225.28 149.96-362.040s-53.258-265.334-149.96-362.040zM896 512c0 82.814-26.354 159.588-71.112 222.38l-535.266-535.268c62.792-44.758 139.564-71.112 222.378-71.112 211.738 0 384 172.262 384 384zM128 512c0-82.814 26.354-159.586 71.112-222.378l535.27 535.268c-62.794 44.756-139.568 71.11-222.382 71.11-211.738 0-384-172.262-384-384z"
        ],
        "isMulticolor": false,
        "isMulticolor2": false,
        "tags": [
          "blocked"
        ],
        "defaultCode": 59918,
        "grid": 0,
        "attrs": []
      },
      "attrs": [],
      "properties": {
        "id": 32,
        "order": 197,
        "ligatures": "",
        "prevSize": 32,
        "code": 59918,
        "name": "blocked"
      },
      "setIdx": 3,
      "setId": 2,
      "iconIdx": 36
    },
    {
      "icon": {
        "paths": [
          "M576 706.612v-52.78c70.498-39.728 128-138.772 128-237.832 0-159.058 0-288-192-288s-192 128.942-192 288c0 99.060 57.502 198.104 128 237.832v52.78c-217.102 17.748-384 124.42-384 253.388h896c0-128.968-166.898-235.64-384-253.388z"
        ],
        "isMulticolor": false,
        "isMulticolor2": false,
        "tags": [
          "user"
        ],
        "defaultCode": 59933,
        "grid": 0,
        "attrs": []
      },
      "attrs": [],
      "properties": {
        "id": 33,
        "order": 198,
        "ligatures": "",
        "prevSize": 32,
        "code": 59933,
        "name": "user"
      },
      "setIdx": 3,
      "setId": 2,
      "iconIdx": 37
    },
    {
      "icon": {
        "paths": [
          "M768 770.612v-52.78c70.498-39.728 128-138.772 128-237.832 0-159.058 0-288-192-288s-192 128.942-192 288c0 99.060 57.502 198.104 128 237.832v52.78c-217.102 17.748-384 124.42-384 253.388h896c0-128.968-166.898-235.64-384-253.388zM327.196 795.328c55.31-36.15 124.080-63.636 199.788-80.414-15.054-17.784-28.708-37.622-40.492-59.020-30.414-55.234-46.492-116.058-46.492-175.894 0-86.042 0-167.31 30.6-233.762 29.706-64.504 83.128-104.496 159.222-119.488-16.914-76.48-61.94-126.75-181.822-126.75-192 0-192 128.942-192 288 0 99.060 57.502 198.104 128 237.832v52.78c-217.102 17.748-384 124.42-384 253.388h279.006c14.518-12.91 30.596-25.172 48.19-36.672z"
        ],
        "width": 1152,
        "isMulticolor": false,
        "isMulticolor2": false,
        "tags": [
          "users"
        ],
        "defaultCode": 59934,
        "grid": 0,
        "attrs": []
      },
      "attrs": [],
      "properties": {
        "id": 34,
        "order": 199,
        "ligatures": "",
        "prevSize": 32,
        "code": 59934,
        "name": "users"
      },
      "setIdx": 3,
      "setId": 2,
      "iconIdx": 38
    },
    {
      "icon": {
        "paths": [
          "M512 32l-480 480h288v512h384v-512h288z"
        ],
        "isMulticolor": false,
        "isMulticolor2": false,
        "tags": [
          "arrow-up"
        ],
        "defaultCode": 59954,
        "grid": 0,
        "attrs": []
      },
      "attrs": [],
      "properties": {
        "id": 35,
        "order": 200,
        "ligatures": "",
        "prevSize": 32,
        "code": 59954,
        "name": "arrow-up"
      },
      "setIdx": 3,
      "setId": 2,
      "iconIdx": 39
    },
    {
      "icon": {
        "paths": [
          "M512 992l480-480h-288v-512h-384v512h-288z"
        ],
        "isMulticolor": false,
        "isMulticolor2": false,
        "tags": [
          "arrow-down"
        ],
        "defaultCode": 59958,
        "grid": 0,
        "attrs": []
      },
      "attrs": [],
      "properties": {
        "id": 36,
        "order": 201,
        "ligatures": "",
        "prevSize": 32,
        "code": 59958,
        "name": "arrow-down"
      },
      "setIdx": 3,
      "setId": 2,
      "iconIdx": 40
    },
    {
      "icon": {
        "paths": [
          "M704 0c-176.73 0-320 143.268-320 320 0 20.026 1.858 39.616 5.376 58.624l-389.376 389.376v192c0 35.346 28.654 64 64 64h64v-64h128v-128h128v-128h128l83.042-83.042c34.010 12.316 70.696 19.042 108.958 19.042 176.73 0 320-143.268 320-320s-143.27-320-320-320zM799.874 320.126c-53.020 0-96-42.98-96-96s42.98-96 96-96 96 42.98 96 96-42.98 96-96 96z"
        ],
        "isMulticolor": false,
        "isMulticolor2": false,
        "tags": [
          "key"
        ],
        "defaultCode": 59961,
        "grid": 0,
        "attrs": []
      },
      "attrs": [],
      "properties": {
        "id": 37,
        "order": 202,
        "ligatures": "",
        "prevSize": 32,
        "code": 59961,
        "name": "key"
      },
      "setIdx": 3,
      "setId": 2,
      "iconIdx": 41
    },
    {
      "icon": {
        "paths": [
          "M877.254 402.746l-320-320c-24.992-24.994-65.514-24.994-90.508 0l-320 320c-24.994 24.994-24.994 65.516 0 90.51 24.994 24.996 65.516 24.996 90.51 0l210.744-210.746v613.49c0 35.346 28.654 64 64 64s64-28.654 64-64v-613.49l210.746 210.746c12.496 12.496 28.876 18.744 45.254 18.744s32.758-6.248 45.254-18.746c24.994-24.994 24.994-65.514 0-90.508z"
        ],
        "isMulticolor": false,
        "isMulticolor2": false,
        "tags": [
          "arrow-up2"
        ],
        "defaultCode": 59962,
        "grid": 0,
        "attrs": []
      },
      "attrs": [],
      "properties": {
        "id": 38,
        "order": 203,
        "ligatures": "",
        "prevSize": 32,
        "code": 59962,
        "name": "arrow-up2"
      },
      "setIdx": 3,
      "setId": 2,
      "iconIdx": 42
    },
    {
      "icon": {
        "paths": [
          "M592 448h-16v-192c0-105.87-86.13-192-192-192h-128c-105.87 0-192 86.13-192 192v192h-16c-26.4 0-48 21.6-48 48v480c0 26.4 21.6 48 48 48h544c26.4 0 48-21.6 48-48v-480c0-26.4-21.6-48-48-48zM192 256c0-35.29 28.71-64 64-64h128c35.29 0 64 28.71 64 64v192h-256v-192z"
        ],
        "isMulticolor": false,
        "isMulticolor2": false,
        "tags": [
          "lock"
        ],
        "defaultCode": 59963,
        "grid": 0,
        "attrs": []
      },
      "attrs": [],
      "properties": {
        "id": 39,
        "order": 204,
        "ligatures": "",
        "prevSize": 32,
        "code": 59963,
        "name": "lock"
      },
      "setIdx": 3,
      "setId": 2,
      "iconIdx": 43
    },
    {
      "icon": {
        "paths": [
          "M877.254 621.254l-320 320c-24.992 24.994-65.514 24.994-90.508 0l-320-320c-24.994-24.994-24.994-65.516 0-90.51 24.994-24.996 65.516-24.996 90.51 0l210.744 210.746v-613.49c0-35.346 28.654-64 64-64s64 28.654 64 64v613.49l210.746-210.746c12.496-12.496 28.876-18.744 45.254-18.744s32.758 6.248 45.254 18.746c24.994 24.994 24.994 65.514 0 90.508z"
        ],
        "isMulticolor": false,
        "isMulticolor2": false,
        "tags": [
          "arrow-down2"
        ],
        "defaultCode": 59966,
        "grid": 0,
        "attrs": []
      },
      "attrs": [],
      "properties": {
        "id": 40,
        "order": 205,
        "ligatures": "",
        "prevSize": 32,
        "code": 59966,
        "name": "arrow-down2"
      },
      "setIdx": 3,
      "setId": 2,
      "iconIdx": 44
    },
    {
      "icon": {
        "paths": [
          "M896 0h-768c-70.4 0-128 57.6-128 128v768c0 70.4 57.6 128 128 128h768c70.4 0 128-57.6 128-128v-768c0-70.4-57.6-128-128-128zM448 794.51l-237.254-237.256 90.51-90.508 146.744 146.744 306.746-306.746 90.508 90.51-397.254 397.256z"
        ],
        "isMulticolor": false,
        "isMulticolor2": false,
        "tags": [
          "checkbox-checked2"
        ],
        "defaultCode": 59986,
        "grid": 0,
        "attrs": []
      },
      "attrs": [],
      "properties": {
        "id": 41,
        "order": 206,
        "prevSize": 32,
        "code": 59986,
        "name": "checkbox-checked2"
      },
      "setIdx": 3,
      "setId": 2,
      "iconIdx": 45
    },
    {
      "icon": {
        "paths": [
          "M960 0l-448 128-448-128c0 0-4.5 51.698 0 128l448 140.090 448-140.090c4.498-76.302 0-128 0-128zM72.19 195.106c23.986 250.696 113.49 672.234 439.81 828.894 326.32-156.66 415.824-578.198 439.81-828.894l-439.81 165.358-439.81-165.358z"
        ],
        "isMulticolor": false,
        "isMulticolor2": false,
        "tags": [
          "shield"
        ],
        "defaultCode": 60000,
        "grid": 0,
        "attrs": []
      },
      "attrs": [],
      "properties": {
        "id": 42,
        "order": 207,
        "ligatures": "",
        "prevSize": 32,
        "code": 60000,
        "name": "shield"
      },
      "setIdx": 3,
      "setId": 2,
      "iconIdx": 46
    },
    {
      "icon": {
        "paths": [
          "M976 768h-16v-208c0-61.756-50.242-112-112-112h-272v-128h16c26.4 0 48-21.6 48-48v-160c0-26.4-21.6-48-48-48h-160c-26.4 0-48 21.6-48 48v160c0 26.4 21.6 48 48 48h16v128h-272c-61.756 0-112 50.244-112 112v208h-16c-26.4 0-48 21.6-48 48v160c0 26.4 21.6 48 48 48h160c26.4 0 48-21.6 48-48v-160c0-26.4-21.6-48-48-48h-16v-192h256v192h-16c-26.4 0-48 21.6-48 48v160c0 26.4 21.6 48 48 48h160c26.4 0 48-21.6 48-48v-160c0-26.4-21.6-48-48-48h-16v-192h256v192h-16c-26.4 0-48 21.6-48 48v160c0 26.4 21.6 48 48 48h160c26.4 0 48-21.6 48-48v-160c0-26.4-21.6-48-48-48zM192 960h-128v-128h128v128zM576 960h-128v-128h128v128zM448 256v-128h128v128h-128zM960 960h-128v-128h128v128z"
        ],
        "isMulticolor": false,
        "isMulticolor2": false,
        "tags": [
          "tree2"
        ],
        "defaultCode": 60008,
        "grid": 0,
        "attrs": []
      },
      "attrs": [],
      "properties": {
        "id": 43,
        "order": 208,
        "ligatures": "",
        "prevSize": 32,
        "code": 60008,
        "name": "tree2"
      },
      "setIdx": 3,
      "setId": 2,
      "iconIdx": 47
    },
    {
      "icon": {
        "paths": [
          "M64 192h896v192h-896zM64 448h896v192h-896zM64 704h896v192h-896z"
        ],
        "isMulticolor": false,
        "isMulticolor2": false,
        "tags": [
          "menu"
        ],
        "defaultCode": 60009,
        "grid": 0,
        "attrs": []
      },
      "attrs": [],
      "properties": {
        "id": 44,
        "order": 209,
        "ligatures": "",
        "prevSize": 32,
        "code": 60009,
        "name": "menu"
      },
      "setIdx": 3,
      "setId": 2,
      "iconIdx": 48
    },
    {
      "icon": {
        "paths": [
          "M892.268 514.49c2.442-11.108 3.732-22.646 3.732-34.49 0-88.366-71.634-160-160-160-14.224 0-28.014 1.868-41.134 5.352-24.796-77.352-97.288-133.352-182.866-133.352-87.348 0-161.054 58.336-184.326 138.17-22.742-6.62-46.792-10.17-71.674-10.17-141.384 0-256 114.616-256 256 0 141.382 114.616 256 256 256h608c88.366 0 160-71.632 160-160 0-78.718-56.854-144.16-131.732-157.51zM416 768l-160-160 64-64 96 96 224-224 64 64-288 288z"
        ],
        "isMulticolor": false,
        "isMulticolor2": false,
        "tags": [
          "cloud-check"
        ],
        "defaultCode": 60016,
        "grid": 0,
        "attrs": []
      },
      "attrs": [],
      "properties": {
        "id": 45,
        "order": 210,
        "ligatures": "",
        "prevSize": 32,
        "code": 60016,
        "name": "cloud-check"
      },
      "setIdx": 3,
      "setId": 2,
      "iconIdx": 49
    },
    {
      "icon": {
        "paths": [
          "M0 512c0 282.77 229.23 512 512 512s512-229.23 512-512-229.23-512-512-512-512 229.23-512 512zM928 512c0 229.75-186.25 416-416 416s-416-186.25-416-416 186.25-416 416-416 416 186.25 416 416zM706.744 669.256l90.512-90.512-285.256-285.254-285.254 285.256 90.508 90.508 194.746-194.744z"
        ],
        "isMulticolor": false,
        "isMulticolor2": false,
        "tags": [
          "circle-up"
        ],
        "defaultCode": 60141,
        "grid": 0,
        "attrs": []
      },
      "attrs": [],
      "properties": {
        "id": 46,
        "order": 211,
        "ligatures": "",
        "prevSize": 32,
        "code": 60141,
        "name": "circle-up"
      },
      "setIdx": 3,
      "setId": 2,
      "iconIdx": 50
    },
    {
      "icon": {
        "paths": [
          "M512 0c-282.77 0-512 229.23-512 512s229.23 512 512 512 512-229.23 512-512-229.23-512-512-512zM512 928c-229.75 0-416-186.25-416-416s186.25-416 416-416 416 186.25 416 416-186.25 416-416 416zM354.744 706.744l90.512 90.512 285.254-285.256-285.256-285.254-90.508 90.508 194.744 194.746z"
        ],
        "isMulticolor": false,
        "isMulticolor2": false,
        "tags": [
          "circle-right"
        ],
        "defaultCode": 60142,
        "grid": 0,
        "attrs": []
      },
      "attrs": [],
      "properties": {
        "id": 47,
        "order": 212,
        "ligatures": "",
        "prevSize": 32,
        "code": 60142,
        "name": "circle-right"
      },
      "setIdx": 3,
      "setId": 2,
      "iconIdx": 51
    },
    {
      "icon": {
        "paths": [
          "M1024 512c0-282.77-229.23-512-512-512s-512 229.23-512 512 229.23 512 512 512 512-229.23 512-512zM96 512c0-229.75 186.25-416 416-416s416 186.25 416 416-186.25 416-416 416-416-186.25-416-416zM317.256 354.744l-90.512 90.512 285.256 285.254 285.254-285.256-90.508-90.508-194.746 194.744z"
        ],
        "isMulticolor": false,
        "isMulticolor2": false,
        "tags": [
          "circle-down"
        ],
        "defaultCode": 60143,
        "grid": 0,
        "attrs": []
      },
      "attrs": [],
      "properties": {
        "id": 48,
        "order": 213,
        "ligatures": "",
        "prevSize": 32,
        "code": 60143,
        "name": "circle-down"
      },
      "setIdx": 3,
      "setId": 2,
      "iconIdx": 52
    },
    {
      "icon": {
        "paths": [
          "M512 1024c282.77 0 512-229.23 512-512s-229.23-512-512-512-512 229.23-512 512 229.23 512 512 512zM512 96c229.75 0 416 186.25 416 416s-186.25 416-416 416-416-186.25-416-416 186.25-416 416-416zM669.256 317.256l-90.512-90.512-285.254 285.256 285.256 285.254 90.508-90.508-194.744-194.746z"
        ],
        "isMulticolor": false,
        "isMulticolor2": false,
        "tags": [
          "circle-left"
        ],
        "defaultCode": 60144,
        "grid": 0,
        "attrs": []
      },
      "attrs": [],
      "properties": {
        "id": 49,
        "order": 214,
        "ligatures": "",
        "prevSize": 32,
        "code": 60144,
        "name": "circle-left"
      },
      "setIdx": 3,
      "setId": 2,
      "iconIdx": 53
    },
    {
      "icon": {
        "paths": [
          "M896 0h-768c-70.4 0-128 57.6-128 128v768c0 70.4 57.6 128 128 128h768c70.4 0 128-57.6 128-128v-768c0-70.4-57.6-128-128-128zM448 794.51l-237.254-237.256 90.51-90.508 146.744 146.744 306.746-306.746 90.508 90.51-397.254 397.256z"
        ],
        "isMulticolor": false,
        "isMulticolor2": false,
        "tags": [
          "checkbox-checked"
        ],
        "defaultCode": 60158,
        "grid": 0,
        "attrs": []
      },
      "attrs": [],
      "properties": {
        "id": 50,
        "order": 215,
        "ligatures": "",
        "prevSize": 32,
        "code": 60158,
        "name": "checkbox-checked"
      },
      "setIdx": 3,
      "setId": 2,
      "iconIdx": 54
    },
    {
      "icon": {
        "paths": [
          "M896 0h-768c-70.4 0-128 57.6-128 128v768c0 70.4 57.6 128 128 128h768c70.4 0 128-57.6 128-128v-768c0-70.4-57.6-128-128-128zM896 896h-768v-768h768v768z"
        ],
        "isMulticolor": false,
        "isMulticolor2": false,
        "tags": [
          "checkbox-unchecked"
        ],
        "defaultCode": 60159,
        "grid": 0,
        "attrs": []
      },
      "attrs": [],
      "properties": {
        "id": 51,
        "order": 216,
        "ligatures": "",
        "prevSize": 32,
        "code": 60159,
        "name": "checkbox-unchecked"
      },
      "setIdx": 3,
      "setId": 2,
      "iconIdx": 55
    },
    {
      "icon": {
        "paths": [
          "M512 0c-282.77 0-512 229.23-512 512s229.23 512 512 512 512-229.23 512-512-229.23-512-512-512zM512 896c-212.078 0-384-171.922-384-384s171.922-384 384-384c212.078 0 384 171.922 384 384s-171.922 384-384 384zM320 512c0-106.039 85.961-192 192-192s192 85.961 192 192c0 106.039-85.961 192-192 192s-192-85.961-192-192z"
        ],
        "isMulticolor": false,
        "isMulticolor2": false,
        "tags": [
          "radio-checked"
        ],
        "defaultCode": 60160,
        "grid": 0,
        "attrs": []
      },
      "attrs": [],
      "properties": {
        "id": 52,
        "order": 217,
        "ligatures": "",
        "prevSize": 32,
        "code": 60160,
        "name": "radio-checked"
      },
      "setIdx": 3,
      "setId": 2,
      "iconIdx": 56
    },
    {
      "icon": {
        "paths": [
          "M512 0c-282.77 0-512 229.23-512 512s229.23 512 512 512 512-229.23 512-512-229.23-512-512-512zM512 640c-70.692 0-128-57.306-128-128 0-70.692 57.308-128 128-128 70.694 0 128 57.308 128 128 0 70.694-57.306 128-128 128z"
        ],
        "isMulticolor": false,
        "isMulticolor2": false,
        "tags": [
          "radio-checked2"
        ],
        "defaultCode": 60161,
        "grid": 0,
        "attrs": []
      },
      "attrs": [],
      "properties": {
        "id": 53,
        "order": 218,
        "ligatures": "",
        "prevSize": 32,
        "code": 60161,
        "name": "radio-checked2"
      },
      "setIdx": 3,
      "setId": 2,
      "iconIdx": 57
    },
    {
      "icon": {
        "paths": [
          "M512 0c-282.77 0-512 229.23-512 512s229.23 512 512 512 512-229.23 512-512-229.23-512-512-512zM512 896c-212.078 0-384-171.922-384-384s171.922-384 384-384c212.078 0 384 171.922 384 384s-171.922 384-384 384z"
        ],
        "isMulticolor": false,
        "isMulticolor2": false,
        "tags": [
          "radio-unchecked"
        ],
        "defaultCode": 60162,
        "grid": 0,
        "attrs": []
      },
      "attrs": [],
      "properties": {
        "id": 54,
        "order": 219,
        "ligatures": "",
        "prevSize": 32,
        "code": 60162,
        "name": "radio-unchecked"
      },
      "setIdx": 3,
      "setId": 2,
      "iconIdx": 58
    },
    {
      "icon": {
        "paths": [
          "M0.35 512l-0.35-312.074 384-52.144v364.218zM448 138.482l511.872-74.482v448h-511.872zM959.998 576l-0.126 448-511.872-72.016v-375.984zM384 943.836l-383.688-52.594-0.020-315.242h383.708z"
        ],
        "isMulticolor": false,
        "isMulticolor2": false,
        "tags": [
          "windows8"
        ],
        "defaultCode": 60270,
        "grid": 0,
        "attrs": []
      },
      "attrs": [],
      "properties": {
        "id": 55,
        "order": 220,
        "ligatures": "",
        "prevSize": 32,
        "code": 60270,
        "name": "windows8"
      },
      "setIdx": 3,
      "setId": 2,
      "iconIdx": 59
    },
    {
      "icon": {
        "paths": [
          "M831.84 610.176h-42.368c-6.88 24.928-16.736 48.576-29.376 70.496l39.168 39.136c25.056 25.056 25.056 65.696 0 90.752l-22.688 22.688c-25.056 25.056-65.696 25.056-90.752 0l-39.424-39.392c-21.856 12.448-45.408 22.144-70.208 28.896v41.088c0 35.424-28.704 64.16-64.16 64.16h-32.064c-35.424 0-64.192-28.704-64.192-64.16v-41.088c-24.768-6.752-48.352-16.48-70.208-28.896l-39.392 39.392c-25.024 25.056-65.664 25.056-90.72 0l-22.72-22.688c-25.056-25.056-25.056-65.696 0-90.752l39.168-39.136c-12.64-21.952-22.496-45.568-29.408-70.496h-42.336c-35.456 0-64.16-28.704-64.16-64.128v-32.096c0-35.424 28.704-64.16 64.16-64.16h41.856c6.624-24.672 16.096-48.16 28.384-69.952l-37.664-37.632c-25.056-25.056-25.056-65.696 0-90.752l22.688-22.656c25.056-25.056 65.696-25.056 90.72 0l36.896 36.896c22.592-13.152 46.976-23.392 72.704-30.4v-43.136c0.032-35.456 28.8-64.16 64.224-64.16h32.064c35.424 0 64.16 28.704 64.16 64.16v43.104c25.792 7.040 50.144 17.28 72.704 30.432l36.896-36.896c25.056-25.056 65.696-25.056 90.752 0l22.688 22.656c25.056 25.056 25.056 65.696 0 90.752l-37.632 37.632c12.288 21.792 21.76 45.28 28.416 69.984h41.856c35.424 0 64.16 28.736 64.16 64.16v32.096c-0.032 35.392-28.736 64.096-64.192 64.096zM496 354.56c-97.44 0-176.448 79.008-176.448 176.448s79.008 176.448 176.448 176.448 176.448-79.008 176.448-176.448-79.008-176.448-176.448-176.448zM496 609.184c-44.288 0-80.224-35.872-80.224-80.192 0-44.288 35.936-80.192 80.224-80.192s80.192 35.904 80.192 80.192c0 44.32-35.904 80.192-80.192 80.192z"
        ],
        "isMulticolor": false,
        "isMulticolor2": false,
        "tags": [
          "cog3"
        ],
        "defaultCode": 60383,
        "grid": 0,
        "attrs": []
      },
      "attrs": [],
      "properties": {
        "id": 56,
        "order": 221,
        "ligatures": "",
        "prevSize": 32,
        "code": 60383,
        "name": "cog3"
      },
      "setIdx": 3,
      "setId": 2,
      "iconIdx": 60
    },
    {
      "icon": {
        "paths": [
          "M680.576 705.248l22.688-22.688c25.056-25.056 25.056-65.696 0-90.752l-39.168-39.136c12.608-21.952 22.496-45.568 29.376-70.496h42.368c35.424 0 64.16-28.736 64.16-64.16v-32.064c0-35.424-28.704-64.16-64.16-64.16h-41.856c-6.656-24.672-16.096-48.16-28.384-69.952l37.664-37.632c25.056-25.056 25.056-65.696 0-90.752l-22.688-22.656c-25.056-25.056-65.696-25.056-90.752 0l-36.896 36.896c-22.56-13.152-46.944-23.392-72.704-30.432v-43.104c-0.032-35.456-28.768-64.16-64.192-64.16h-32.064c-35.424 0-64.192 28.704-64.192 64.16v43.104c-25.76 7.040-50.112 17.28-72.704 30.432l-36.928-36.928c-25.024-25.056-65.664-25.056-90.72 0l-22.688 22.656c-25.056 25.056-25.056 65.696 0 90.752l37.632 37.664c-12.256 21.792-21.76 45.28-28.384 69.984h-41.824c-35.456-0.032-64.16 28.704-64.16 64.16v32.064c0 35.424 28.704 64.16 64.16 64.16h42.336c6.912 24.928 16.768 48.544 29.408 70.496l-39.168 39.136c-25.056 25.056-25.056 65.696 0 90.752l22.688 22.688c25.056 25.056 65.696 25.056 90.72 0l39.392-39.392c21.888 12.448 45.408 22.144 70.208 28.896v41.088c0 35.392 28.736 64.16 64.192 64.16h32.064c35.424 0 64.16-28.736 64.16-64.16v-41.088c24.8-6.752 48.384-16.48 70.208-28.896l39.392 39.392c25.12 25.024 65.728 25.024 90.816-0.032zM400 579.424c-97.44 0-176.448-78.976-176.448-176.448 0-97.44 79.008-176.448 176.448-176.448s176.448 79.008 176.448 176.448c0 97.472-79.008 176.448-176.448 176.448zM400 320.8c-44.32 0-80.224 35.904-80.224 80.192s35.904 80.192 80.224 80.192c44.288 0 80.192-35.904 80.192-80.192s-35.904-80.192-80.192-80.192zM801.984 923.584c-21.504 0-38.912 17.408-38.912 38.912 0 21.472 17.408 38.88 38.912 38.88 21.472 0 38.912-17.408 38.912-38.88 0-21.504-17.44-38.912-38.912-38.912zM964.864 924.064h-20.288c-3.232-11.968-7.84-23.36-13.792-33.952l18.24-18.24c12.16-12.16 12.16-31.872 0-44l-11.008-11.008c-12.16-12.16-31.84-12.16-44 0l-17.92 17.888c-10.944-6.368-22.784-11.328-35.264-14.752v-20.864c0-17.184-13.952-31.136-31.136-31.136h-15.552c-17.184 0-31.136 13.952-31.136 31.136v20.864c-12.512 3.424-24.32 8.384-35.264 14.752l-17.92-17.888c-12.16-12.16-31.872-12.16-44 0l-11.008 11.008c-12.16 12.128-12.16 31.84 0 44l18.24 18.24c-5.984 10.56-10.56 21.984-13.792 33.952h-20.288c-17.184 0-31.136 13.952-31.136 31.136v15.552c0 17.184 13.952 31.136 31.136 31.136h20.544c3.328 12.064 8.128 23.52 14.24 34.176l-18.976 18.976c-12.16 12.16-12.16 31.84 0 44.032l11.008 11.008c12.128 12.128 31.84 12.128 44 0l19.104-19.136c10.624 6.016 22.016 10.752 34.048 14.016v19.936c0 17.184 13.952 31.136 31.136 31.136h15.552c17.184 0 31.136-13.952 31.136-31.136v-19.936c12.032-3.264 23.424-7.968 34.016-14.016l19.136 19.136c12.16 12.128 31.84 12.128 44 0l11.008-11.008c12.16-12.192 12.16-31.872 0-44.032l-18.976-18.976c6.080-10.656 10.912-22.112 14.24-34.176h20.544c17.184 0 31.136-13.952 31.136-31.136v-15.552c0.128-17.216-13.824-31.136-31.008-31.136zM801.984 1049.024c-47.264 0-85.568-38.304-85.568-85.6 0-47.264 38.304-85.568 85.568-85.568s85.568 38.304 85.568 85.568c0 47.296-38.304 85.6-85.568 85.6z"
        ],
        "isMulticolor": false,
        "isMulticolor2": false,
        "tags": [
          "cogs2"
        ],
        "defaultCode": 60384,
        "grid": 0,
        "attrs": []
      },
      "attrs": [],
      "properties": {
        "id": 57,
        "order": 222,
        "ligatures": "",
        "prevSize": 32,
        "code": 60384,
        "name": "cogs2"
      },
      "setIdx": 3,
      "setId": 2,
      "iconIdx": 61
    },
    {
      "icon": {
        "paths": [
          "M927.936 272.992l-68.288-68.288c-12.608-12.576-32.96-12.576-45.536 0l-409.44 409.44-194.752-196.16c-12.576-12.576-32.928-12.576-45.536 0l-68.288 68.288c-12.576 12.608-12.576 32.96 0 45.536l285.568 287.488c12.576 12.576 32.96 12.576 45.536 0l500.736-500.768c12.576-12.544 12.576-32.96 0-45.536z"
        ],
        "isMulticolor": false,
        "isMulticolor2": false,
        "tags": [
          "checkmark6"
        ],
        "defaultCode": 60406,
        "grid": 0,
        "attrs": []
      },
      "attrs": [],
      "properties": {
        "id": 58,
        "order": 223,
        "ligatures": "",
        "prevSize": 32,
        "code": 60406,
        "name": "checkmark6"
      },
      "setIdx": 3,
      "setId": 2,
      "iconIdx": 62
    },
    {
      "icon": {
        "paths": [
          "M626.784 512.032l195.072 195.072c12.672 12.672 12.672 33.248 0 45.92l-68.832 68.832c-12.672 12.672-33.216 12.672-45.92 0l-195.104-195.072-195.104 195.072c-12.672 12.672-33.216 12.672-45.888 0l-68.864-68.832c-12.672-12.672-12.672-33.216 0-45.92l195.104-195.072-195.104-195.104c-12.672-12.672-12.672-33.248 0-45.92l68.896-68.832c12.672-12.672 33.216-12.672 45.888 0l195.072 195.104 195.104-195.104c12.672-12.672 33.216-12.672 45.92 0l68.832 68.864c12.672 12.672 12.672 33.216 0 45.92l-195.072 195.072z"
        ],
        "isMulticolor": false,
        "isMulticolor2": false,
        "tags": [
          "cancel3"
        ],
        "defaultCode": 60407,
        "grid": 0,
        "attrs": []
      },
      "attrs": [],
      "properties": {
        "id": 59,
        "order": 224,
        "ligatures": "",
        "prevSize": 32,
        "code": 60407,
        "name": "cancel3"
      },
      "setIdx": 3,
      "setId": 2,
      "iconIdx": 63
    },
    {
      "icon": {
        "paths": [
          "M768 864h-96c-17.696 0-32-14.304-32-32v-64c0-17.696 14.304-32 32-32h64v-192h-224v192h32c17.664 0 32 14.304 32 32v64c0 17.696-14.336 32-32 32h-96c-17.696 0-32-14.304-32-32v-64c0-17.696 14.304-32 32-32h32v-192h-224v192h64c17.664 0 32 14.304 32 32v64c0 17.696-14.336 32-32 32h-96c-17.696 0-32-14.304-32-32v-64c0-17.696 14.304-32 32-32v-224h256v-224h-32c-17.696 0-32-14.336-32-32v-64c0-17.664 14.304-32 32-32h96c17.664 0 32 14.336 32 32v64c0 17.664-14.336 32-32 32h-32v224h256v224c17.664 0 32 14.304 32 32v64c0 17.696-14.336 32-32 32z"
        ],
        "isMulticolor": false,
        "isMulticolor2": false,
        "tags": [
          "sitemap"
        ],
        "defaultCode": 60410,
        "grid": 0,
        "attrs": []
      },
      "attrs": [],
      "properties": {
        "id": 60,
        "order": 225,
        "ligatures": "",
        "prevSize": 32,
        "code": 60410,
        "name": "sitemap"
      },
      "setIdx": 3,
      "setId": 2,
      "iconIdx": 64
    },
    {
      "icon": {
        "paths": [
          "M767.104 862.88h-95.68c-17.6 0-31.904-14.24-31.904-31.872v-63.808c0-17.568 14.304-31.872 31.904-31.872h63.776v-159.488h-223.264v159.488h31.872c17.632 0 31.904 14.304 31.904 31.872v63.808c0 17.632-14.272 31.872-31.904 31.872h-95.68c-17.6 0-31.872-14.24-31.872-31.872v-63.808c0-17.568 14.272-31.872 31.872-31.872h31.936v-159.488h-223.296v159.488h63.776c17.632 0 31.904 14.304 31.904 31.872v63.808c0 17.632-14.272 31.872-31.904 31.872h-95.648c-17.632 0-31.904-14.24-31.904-31.872v-63.808c0-17.568 14.272-31.872 31.904-31.872v-191.36h255.168v-127.584h-95.68c-17.632 0-31.904-14.272-31.904-31.904v-159.488c0-17.6 14.272-31.904 31.904-31.904h223.264c17.632 0 31.872 14.272 31.872 31.904v159.456c0 17.6-14.24 31.904-31.872 31.904h-95.68v127.584h255.168v191.36c17.6 0 31.904 14.304 31.904 31.872v63.808c-0.032 17.664-14.368 31.904-31.936 31.904zM224.896 767.2v63.808h95.648v-63.808h-95.648zM607.616 384.48v-159.488h-223.264v159.456h223.264zM448.128 767.2v63.808h95.68v-63.808h-95.68zM767.104 767.2h-95.68v63.808h95.68v-63.808z"
        ],
        "isMulticolor": false,
        "isMulticolor2": false,
        "tags": [
          "sitemap2"
        ],
        "defaultCode": 60411,
        "grid": 0,
        "attrs": []
      },
      "attrs": [],
      "properties": {
        "id": 61,
        "order": 226,
        "ligatures": "",
        "prevSize": 32,
        "code": 60411,
        "name": "sitemap2"
      },
      "setIdx": 3,
      "setId": 2,
      "iconIdx": 65
    },
    {
      "icon": {
        "paths": [
          "M891.936 896c0 0 176.64 0.192 201.44-172.64 11.808-188.992-170.752-226.24-170.752-226.24s20.768-279.776-235.552-311.68c-219.68-22.432-286.528 181.728-286.528 181.728s-66.176-63.616-155.936-11.648c-80.352 49.6-66.144 140.416-66.144 140.416s-178.464 34.688-178.464 216.576c4 181.664 193.824 183.488 193.824 183.488"
        ],
        "width": 1120,
        "isMulticolor": false,
        "isMulticolor2": false,
        "tags": [
          "cloud3"
        ],
        "defaultCode": 60412,
        "grid": 0,
        "attrs": []
      },
      "attrs": [],
      "properties": {
        "id": 62,
        "order": 227,
        "ligatures": "",
        "prevSize": 32,
        "code": 60412,
        "name": "cloud3"
      },
      "setIdx": 3,
      "setId": 2,
      "iconIdx": 66
    },
    {
      "icon": {
        "paths": [
          "M512.48 603.552l-130.304-106.976-283.584 334.816h828.032l-283.616-338.144-130.528 110.304zM957.632 192.608h-890.080l445.056 374.336 445.024-374.336zM662.56 476.384l297.312 354.688v-606.464l-297.312 251.776zM64.128 224.608v606.464l297.312-354.688-297.312-251.776z"
        ],
        "isMulticolor": false,
        "isMulticolor2": false,
        "tags": [
          "envelope"
        ],
        "defaultCode": 60584,
        "grid": 0,
        "attrs": []
      },
      "attrs": [],
      "properties": {
        "id": 63,
        "order": 228,
        "ligatures": "",
        "prevSize": 32,
        "code": 60584,
        "name": "envelope"
      },
      "setIdx": 3,
      "setId": 2,
      "iconIdx": 67
    },
    {
      "icon": {
        "paths": [
          "M848 864h-96c-8.832 0-16-7.168-16-16s7.168-16 16-16h80v-80c0-8.832 7.168-16 16-16 8.8 0 16 7.168 16 16v96c0 8.832-7.2 16-16 16zM848 672c-8.832 0-16-7.168-16-16v-96c0-8.832 7.168-16 16-16 8.8 0 16 7.168 16 16v96c0 8.832-7.2 16-16 16zM848 480c-8.832 0-16-7.168-16-16v-96c0-8.832 7.168-16 16-16 8.8 0 16 7.168 16 16v96c0 8.832-7.2 16-16 16zM848 288c-8.832 0-16-7.168-16-16v-80h-80c-8.832 0-16-7.168-16-16s7.168-16 16-16h96c8.8 0 16 7.168 16 16v96c0 8.832-7.2 16-16 16zM469.312 673.696c-5.888 5.92-15.456 5.92-21.376 0l-32.064-32.064c-0.064-0.096-0.032-0.224-0.096-0.288l-102.016-102.784c-5.92-5.888-5.92-15.456 0-21.376l32.064-32.096c5.92-5.92 15.488-5.92 21.408 0l91.52 92.192 192.448-192.416c5.888-5.92 15.456-5.92 21.376 0l32.064 32.096c5.952 5.92 5.952 15.488 0 21.408l-235.328 235.328zM656 192h-96c-8.832 0-16-7.168-16-16s7.168-16 16-16h96c8.8 0 16 7.168 16 16s-7.2 16-16 16zM464 192h-96c-8.832 0-16-7.168-16-16s7.168-16 16-16h96c8.8 0 16 7.168 16 16s-7.2 16-16 16zM272 864h-96c-8.832 0-16-7.168-16-16v-96c0-8.832 7.168-16 16-16s16 7.168 16 16v80h80c8.832 0 16 7.168 16 16s-7.168 16-16 16zM272 192h-80v80c0 8.832-7.168 16-16 16s-16-7.168-16-16v-96c0-8.832 7.168-16 16-16h96c8.832 0 16 7.168 16 16s-7.168 16-16 16zM176 352c8.832 0 16 7.168 16 16v96c0 8.832-7.168 16-16 16s-16-7.168-16-16v-96c0-8.832 7.168-16 16-16zM176 544c8.832 0 16 7.168 16 16v96c0 8.832-7.168 16-16 16s-16-7.168-16-16v-96c0-8.832 7.168-16 16-16zM368 832h96c8.8 0 16 7.168 16 16s-7.2 16-16 16h-96c-8.832 0-16-7.168-16-16s7.168-16 16-16zM560 832h96c8.8 0 16 7.168 16 16s-7.2 16-16 16h-96c-8.832 0-16-7.168-16-16s7.168-16 16-16z"
        ],
        "isMulticolor": false,
        "isMulticolor2": false,
        "tags": [
          "checked"
        ],
        "defaultCode": 60633,
        "grid": 0,
        "attrs": []
      },
      "attrs": [],
      "properties": {
        "id": 64,
        "order": 229,
        "ligatures": "",
        "prevSize": 32,
        "code": 60633,
        "name": "checked"
      },
      "setIdx": 3,
      "setId": 2,
      "iconIdx": 68
    },
    {
      "icon": {
        "paths": [
          "M848 864h-96c-8.832 0-16-7.168-16-16s7.168-16 16-16h80v-80c0-8.832 7.168-16 16-16 8.8 0 16 7.168 16 16v96c0 8.832-7.2 16-16 16zM848 672c-8.832 0-16-7.168-16-16v-96c0-8.832 7.168-16 16-16 8.8 0 16 7.168 16 16v96c0 8.832-7.2 16-16 16zM848 480c-8.832 0-16-7.168-16-16v-96c0-8.832 7.168-16 16-16 8.8 0 16 7.168 16 16v96c0 8.832-7.2 16-16 16zM848 288c-8.832 0-16-7.168-16-16v-80h-80c-8.832 0-16-7.168-16-16s7.168-16 16-16h96c8.8 0 16 7.168 16 16v96c0 8.832-7.2 16-16 16zM656 864h-96c-8.832 0-16-7.168-16-16s7.168-16 16-16h96c8.8 0 16 7.168 16 16s-7.2 16-16 16zM656 192h-96c-8.832 0-16-7.168-16-16s7.168-16 16-16h96c8.8 0 16 7.168 16 16s-7.2 16-16 16zM464 192h-96c-8.832 0-16-7.168-16-16s7.168-16 16-16h96c8.8 0 16 7.168 16 16s-7.2 16-16 16zM272 864h-96c-8.832 0-16-7.168-16-16v-96c0-8.832 7.168-16 16-16s16 7.168 16 16v80h80c8.832 0 16 7.168 16 16s-7.168 16-16 16zM272 192h-80v80c0 8.832-7.168 16-16 16s-16-7.168-16-16v-96c0-8.832 7.168-16 16-16h96c8.832 0 16 7.168 16 16s-7.168 16-16 16zM176 352c8.832 0 16 7.168 16 16v96c0 8.832-7.168 16-16 16s-16-7.168-16-16v-96c0-8.832 7.168-16 16-16zM176 544c8.832 0 16 7.168 16 16v96c0 8.832-7.168 16-16 16s-16-7.168-16-16v-96c0-8.832 7.168-16 16-16zM663.552 631.136l-32.448 32.448c-5.952 5.984-15.616 5.984-21.6 0l-91.84-91.84-91.84 91.84c-5.984 5.984-15.616 5.984-21.6 0l-32.416-32.448c-5.984-5.984-5.984-15.616 0-21.6l91.872-91.84-91.872-91.84c-5.984-5.952-5.984-15.616 0-21.6l32.416-32.416c5.984-5.984 15.616-5.984 21.6 0l91.84 91.84 91.84-91.84c5.984-5.984 15.648-5.984 21.6 0l32.448 32.416c5.952 5.984 5.952 15.648 0 21.6l-91.872 91.84 91.872 91.84c5.952 5.952 5.952 15.616 0 21.6zM368 832h96c8.8 0 16 7.168 16 16s-7.2 16-16 16h-96c-8.832 0-16-7.168-16-16s7.168-16 16-16z"
        ],
        "isMulticolor": false,
        "isMulticolor2": false,
        "tags": [
          "error"
        ],
        "defaultCode": 60634,
        "grid": 0,
        "attrs": []
      },
      "attrs": [],
      "properties": {
        "id": 65,
        "order": 230,
        "ligatures": "",
        "prevSize": 32,
        "code": 60634,
        "name": "error"
      },
      "setIdx": 3,
      "setId": 2,
      "iconIdx": 69
    },
    {
      "icon": {
        "paths": [
          "M848 864h-96c-8.832 0-16-7.168-16-16s7.168-16 16-16h80v-80c0-8.832 7.168-16 16-16 8.8 0 16 7.168 16 16v96c0 8.832-7.2 16-16 16zM848 672c-8.832 0-16-7.168-16-16v-96c0-8.832 7.168-16 16-16 8.8 0 16 7.168 16 16v96c0 8.832-7.2 16-16 16zM848 480c-8.832 0-16-7.168-16-16v-96c0-8.832 7.168-16 16-16 8.8 0 16 7.168 16 16v96c0 8.832-7.2 16-16 16zM848 288c-8.832 0-16-7.168-16-16v-80h-80c-8.832 0-16-7.168-16-16s7.168-16 16-16h96c8.8 0 16 7.168 16 16v96c0 8.832-7.2 16-16 16zM656 864h-96c-8.832 0-16-7.168-16-16s7.168-16 16-16h96c8.8 0 16 7.168 16 16s-7.2 16-16 16zM656 192h-96c-8.832 0-16-7.168-16-16s7.168-16 16-16h96c8.8 0 16 7.168 16 16s-7.2 16-16 16zM638.016 480c17.664 0 32 14.304 32 32 0 17.664-14.336 32-32 32h-96v96c0 17.664-14.336 32-32 32-17.696 0-32-14.336-32-32v-96h-96c-17.664 0-32-14.336-32-32 0-17.696 14.304-32 32-32h96v-96c0-17.696 14.304-32 32-32 17.664 0 32 14.304 32 32v96h96zM464 192h-96c-8.832 0-16-7.168-16-16s7.168-16 16-16h96c8.8 0 16 7.168 16 16s-7.2 16-16 16zM272 864h-96c-8.832 0-16-7.168-16-16v-96c0-8.832 7.168-16 16-16s16 7.168 16 16v80h80c8.832 0 16 7.168 16 16s-7.168 16-16 16zM272 192h-80v80c0 8.832-7.168 16-16 16s-16-7.168-16-16v-96c0-8.832 7.168-16 16-16h96c8.832 0 16 7.168 16 16s-7.168 16-16 16zM176 352c8.832 0 16 7.168 16 16v96c0 8.832-7.168 16-16 16s-16-7.168-16-16v-96c0-8.832 7.168-16 16-16zM176 544c8.832 0 16 7.168 16 16v96c0 8.832-7.168 16-16 16s-16-7.168-16-16v-96c0-8.832 7.168-16 16-16zM368 832h96c8.8 0 16 7.168 16 16s-7.2 16-16 16h-96c-8.832 0-16-7.168-16-16s7.168-16 16-16z"
        ],
        "isMulticolor": false,
        "isMulticolor2": false,
        "tags": [
          "add"
        ],
        "defaultCode": 60635,
        "grid": 0,
        "attrs": []
      },
      "attrs": [],
      "properties": {
        "id": 66,
        "order": 231,
        "ligatures": "",
        "prevSize": 32,
        "code": 60635,
        "name": "add"
      },
      "setIdx": 3,
      "setId": 2,
      "iconIdx": 70
    },
    {
      "icon": {
        "paths": [
          "M272 160h-96c-8.832 0-16 7.168-16 16v96c0 8.832 7.168 16 16 16s16-7.168 16-16v-80h80c8.832 0 16-7.168 16-16s-7.168-16-16-16zM368 192h96c8.8 0 16-7.168 16-16s-7.2-16-16-16h-96c-8.832 0-16 7.168-16 16s7.168 16 16 16zM656 160h-96c-8.832 0-16 7.168-16 16s7.168 16 16 16h96c8.8 0 16-7.168 16-16s-7.2-16-16-16zM848 160h-96c-8.832 0-16 7.168-16 16s7.168 16 16 16h80v80c0 8.832 7.168 16 16 16 8.8 0 16-7.168 16-16v-96c0-8.832-7.2-16-16-16zM848 352c-8.832 0-16 7.168-16 16v96c0 8.832 7.168 16 16 16 8.8 0 16-7.168 16-16v-96c0-8.832-7.2-16-16-16zM848 544c-8.832 0-16 7.168-16 16v96c0 8.832 7.168 16 16 16 8.8 0 16-7.168 16-16v-96c0-8.832-7.2-16-16-16zM848 736c-8.832 0-16 7.168-16 16v80h-80c-8.832 0-16 7.168-16 16s7.168 16 16 16h96c8.8 0 16-7.168 16-16v-96c0-8.832-7.2-16-16-16zM656 832h-96c-8.832 0-16 7.168-16 16s7.168 16 16 16h96c8.8 0 16-7.168 16-16s-7.2-16-16-16zM464 832h-96c-8.832 0-16 7.168-16 16s7.168 16 16 16h96c8.8 0 16-7.168 16-16s-7.2-16-16-16zM272 832h-80v-80c0-8.832-7.168-16-16-16s-16 7.168-16 16v96c0 8.832 7.168 16 16 16h96c8.832 0 16-7.168 16-16s-7.168-16-16-16zM176 672c8.832 0 16-7.168 16-16v-96c0-8.832-7.168-16-16-16s-16 7.168-16 16v96c0 8.832 7.168 16 16 16zM176 480c8.832 0 16-7.168 16-16v-96c0-8.832-7.168-16-16-16s-16 7.168-16 16v96c0 8.832 7.168 16 16 16zM382.016 544h256c17.696 0 32-14.336 32-32 0-17.696-14.304-32-32-32h-256c-17.696 0-32 14.304-32 32 0 17.664 14.304 32 32 32z"
        ],
        "isMulticolor": false,
        "isMulticolor2": false,
        "tags": [
          "minus5"
        ],
        "defaultCode": 60636,
        "grid": 0,
        "attrs": []
      },
      "attrs": [],
      "properties": {
        "id": 67,
        "order": 232,
        "ligatures": "",
        "prevSize": 32,
        "code": 60636,
        "name": "minus5"
      },
      "setIdx": 3,
      "setId": 2,
      "iconIdx": 71
    },
    {
      "icon": {
        "paths": [
          "M832 1024h-640c-35.36 0-64-28.608-64-63.872v-800.448c0-35.296 28.64-63.872 64-63.872h192v63.872h-160c-17.664 0-32 14.272-32 31.936v736.576c0 17.632 14.336 31.936 32 31.936h576c17.696 0 32-14.304 32-31.936v-736.576c0-17.664-14.304-31.936-32-31.936h-160v-63.872h192c35.328 0 64 28.608 64 63.872v800.448c0 35.264-28.672 63.872-64 63.872zM800 191.616v736.576h-576v-736.576h32v129.76h512v-129.76h32zM352 417.184h-32v31.936h32v-31.936zM352 481.056h-32v31.936h32v-31.936zM352 544.928h-32v31.936h32v-31.936zM352 608.8h-32v31.936h32v-31.936zM352 672.672h-32v31.936h32v-31.936zM352 736.576h-32v31.936h32v-31.936zM352 800.448h-32v31.936h32v-31.936zM704 417.184h-320v31.936h320v-31.936zM704 481.056h-320v31.936h320v-31.936zM704 544.928h-320v31.936h320v-31.936zM704 608.8h-320v31.936h320v-31.936zM704 672.672h-320v31.936h320v-31.936zM704 736.576h-320v31.936h320v-31.936zM704 800.448h-320v31.936h320v-31.936zM704 191.616c17.696 0 32 14.272 32 31.936 0 17.632 0 63.872 0 63.872h-448c0 0 0-46.24 0-63.872 0-17.664 14.304-31.936 32-31.936h96c0 0 0.384-40.768 0.384-92.672 0-53.888 41.6-98.944 95.616-98.944s97.056 47.36 97.056 99.296c0 55.872-1.056 92.32-1.056 92.32h96zM512 95.808c-17.696 0-32 14.272-32 31.936 0 17.632 14.304 31.936 32 31.936s32-14.304 32-31.936c0-17.664-14.304-31.936-32-31.936z"
        ],
        "isMulticolor": false,
        "isMulticolor2": false,
        "tags": [
          "clipboard4"
        ],
        "defaultCode": 60658,
        "grid": 0,
        "attrs": []
      },
      "attrs": [],
      "properties": {
        "id": 68,
        "order": 233,
        "ligatures": "",
        "prevSize": 32,
        "code": 60658,
        "name": "clipboard4"
      },
      "setIdx": 3,
      "setId": 2,
      "iconIdx": 72
    },
    {
      "icon": {
        "paths": [
          "M1024 320l-512-256-512 256 512 256 512-256zM512 148.97l342.058 171.030-342.058 171.030-342.058-171.030 342.058-171.030zM921.444 460.722l102.556 51.278-512 256-512-256 102.556-51.278 409.444 204.722zM921.444 652.722l102.556 51.278-512 256-512-256 102.556-51.278 409.444 204.722z"
        ],
        "tags": [
          "stack",
          "layers"
        ],
        "defaultCode": 59694,
        "grid": 16,
        "attrs": []
      },
      "attrs": [],
      "properties": {
        "ligatures": "stack, layers",
        "name": "stack2",
        "order": 167,
        "id": 69,
        "prevSize": 32,
        "code": 59694
      },
      "setIdx": 3,
      "setId": 2,
      "iconIdx": 6
    }
  ],
  "height": 1024,
  "metadata": {
    "name": "icomoon"
  },
  "preferences": {
    "showGlyphs": true,
    "showQuickUse": true,
    "showQuickUse2": true,
    "showSVGs": true,
    "fontPref": {
      "prefix": "icon-",
      "metadata": {
        "fontFamily": "icomoon"
      },
      "metrics": {
        "emSize": 1024,
        "baseline": 6.25,
        "whitespace": 50
      },
      "embed": false
    },
    "imagePref": {
      "prefix": "icon-",
      "png": true,
      "useClassSelector": true,
      "color": 0,
      "bgColor": 16777215,
      "classSelector": ".icon"
    },
    "historySize": 50,
    "showCodes": true,
    "gridSize": 16
  }
}